Sample,TID,Age,Sex,T_Stage,N_Stage,P_Stage,R_Class,Adjuvant_CT,Recurrence,File
ICON-003,969787,66,M,T3,N0,2,R0,No,YES,JZhang-LungCancerITH-LungICONMS32-969787-T_170102_0313_0314_MERGE.star.ucsc.htseqcount.gene.annotated.tsv
ICON-018,976429,58,M,T1,N0,1,R0,No,YES,JZhang-LungCancerITH-LungICONMS43-976429-T_170102_0313_0314_MERGE.star.ucsc.htseqcount.gene.annotated.tsv
ICON-007,973093,42,M,ypT2b,ypN2,3,R1,No,YES,JZhang-LungCancerITH-LungICONMS32-973093-T_170102_0313_0314_MERGE.star.ucsc.htseqcount.gene.annotated.tsv
ICON-050,999196,56,F,T3,N0,2,R0,Yes,YES,AFutreal-LungCancerITH-LungICONMS32-999196-T_170320_0454_0455_0404_MERGE.star.ucsc.htseqcount.gene.annotated.tsv
ICON-035,991232,65,F,T1b,N2,3,R0,Yes,YES,AFutreal-LungCancerITH-LungICONMS32-991232-T_170320_0454_0455_0404_MERGE.star.ucsc.htseqcount.gene.annotated.tsv
ICON-005,971803,58,M,T3,N0,2,R1,Yes,YES,JZhang-LungCancerITH-LungICONMS32-971803-T_170102_0313_0314_MERGE.star.ucsc.htseqcount.gene.annotated.tsv
ICON-058,1004407,68,F,T3,N1,3,R0,Yes,YES,AFutreal-LungCancerITH-LungICONMS32-1004407-T_170320_0454_0455_0404_MERGE.star.ucsc.htseqcount.gene.annotated.tsv
ICON-060,1004666,66,M,T3,N0,2,R0,Yes,YES,AFutreal-LungCancerITH-LungICONMS32-1004666-T_170320_0454_0455_0404_MERGE.star.ucsc.htseqcount.gene.annotated.tsv
ICON-009,973796,64,F,ypT3,ypN1,3,R0,No,YES,JZhang-LungCancerITH-LungICONMS32-973796-T_170102_0313_0314_MERGE.star.ucsc.htseqcount.gene.annotated.tsv
ICON-064,1006409,84,M,T2a,N0,1,R0,No,YES,AFutreal-LungCancerITH-LungICONMS32-1006409-T_170320_0454_0455_0404_MERGE.star.ucsc.htseqcount.gene.annotated.tsv
ICON-085,1026191,60,F,ypT2b,ypN2,3,R0,No,YES,NA
ICON-091,1038628,61,F,T2a,N2,3,R0,Yes,YES,JZhang-MS32-ICON-1038628-T_180102_0450_0451_MERGE.star.ucsc.htseqcount.gene.annotated.tsv
ICON-048,998853,62,F,T3,N1,3,R0,Yes,YES,AFutreal-LungCancerITH-LungICONMS32-998853-T_170320_0454_0455_0404_MERGE.star.ucsc.htseqcount.gene.annotated.tsv
ICON-093,1040607,59,F,T2,N0,1,R0,No,YES,JZhang-MS32-ICON-1040607-T_180102_0450_0451_MERGE.star.ucsc.htseqcount.gene.annotated.tsv
ICON-116,1066760,76,M,T3,N0,2,R0,No,YES,JZhang-MS32-ICON-1066760-T_180419_0018_0394_0395_MERGE.star.ucsc.htseqcount.gene.annotated.tsv
ICON-124,1072687,58,M,ypT4,ypN2,3,R0,No,YES,JZhang-MS32-ICON-1072687-T_180419_0018_0394_0395_MERGE.star.ucsc.htseqcount.gene.annotated.tsv
ICON-126,1076650,60,M,ypT3,ypN2,3,R0,No,YES,NA
ICON-043,996588,73,M,T3,N0,2,R0,No,YES,NA
ICON-143,1124267,79,M,ypT3,ypN0,2,R0,No,YES,Zhang-MS32-ICON-1124267-T_190419_0059_0060_MERGE.star.ucsc.htseqcount.gene.annotated.tsv
ICON-122,1072015,72,F,T4,N1,3,R0,Yes,YES,JZhang-MS32-ICON-1072015-T_180419_0018_0394_0395_MERGE.star.ucsc.htseqcount.gene.annotated.tsv
ICON-109,1058164,83,M,T3,N1,3,R1,Yes,YES,NA
ICON-149,1135857,56,F,ypT2,ypN1,2,R0,No,YES,NA
ICON-028,984664,66,F,T2,N1,2,R0,Yes,YES,AFutreal-LungCancerITH-LungICONMS32-984664-T_170320_0454_0455_0404_MERGE.star.ucsc.htseqcount.gene.annotated.tsv
ICON-167,1168099,68,F,ypT3,ypN0,2,R0,No,YES,Zhang-MS32-ICON-1168099-T-N_190419_0059_0060_MERGE.star.ucsc.htseqcount.gene.annotated.tsv
ICON-026,983740,76,M,ypT3,ypN0,2,R1,No,YES,AFutreal-LungCancerITH-LungICONMS32-983740-T_170320_0454_0455_0404_MERGE.star.ucsc.htseqcount.gene.annotated.tsv
ICON-069,1010446,70,F,T3,N2,4,R1,Yes,YES,AFutreal-LungCancerITH-LungICONMS32-1010446-T_170320_0454_0455_0404_MERGE.star.ucsc.htseqcount.gene.annotated.tsv
ICON-174,1177873,62,M,T3,N2,3,R0,No,YES,NA
ICON-151,1136981,71,M,T4,N0,3,R0,Yes,YES,NA
ICON-057,1004218,85,M,T2b,N1,2,R0,Yes,YES,AFutreal-LungCancerITH-LungICONMS32-1004218-T_170320_0454_0455_0404_MERGE.star.ucsc.htseqcount.gene.annotated.tsv
ICON-181,1195619,45,M,T2,N2,3,R0,No,YES,Zhang-MS32-ICON-1195619-T_190419_0059_0060_MERGE.star.ucsc.htseqcount.gene.annotated.tsv
ICON-038,993843,73,F,T3,N2,3,R1,No,YES,AFutreal-LungCancerITH-LungICONMS32-993843-T_170320_0454_0455_0404_MERGE.star.ucsc.htseqcount.gene.annotated.tsv
ICON-059,1004513,80,F,T3,N1,3,R0,No,YES,AFutreal-LungCancerITH-LungICONMS32-1004513-T_170320_0454_0455_0404_MERGE.star.ucsc.htseqcount.gene.annotated.tsv
ICON-063,1005969,70,M,ypT3,ypN0,2,R0,No,YES,NA
ICON-070,1010561,83,M,T2b,N1,2,R0,No,YES,AFutreal-LungCancerITH-LungICONMS32-1010561-T_170320_0454_0455_0404_MERGE.star.ucsc.htseqcount.gene.annotated.tsv
ICON-008,973138,64,F,T2,N1,2,R0,Yes,NO,JZhang-LungCancerITH-LungICONMS32-973138-T_170102_0313_0314_MERGE.star.ucsc.htseqcount.gene.annotated.tsv
ICON-001,967335,62,M,T2,N1,2,R0,Yes,NO,JZhang-LungCancerITH-LungICONMS32-967335-T_170102_0313_0314_MERGE.star.ucsc.htseqcount.gene.annotated.tsv
ICON-017,976103,61,M,T2a,N0,1,R0,No,NO,JZhang-LungCancerITH-LungICONMS41-976103-T_170102_0313_0314_MERGE.star.ucsc.htseqcount.gene.annotated.tsv
ICON-010,974342,70,F,T2a,N0,1,R0,No,NO,JZhang-LungCancerITH-LungICONMS32-974342-T_170102_0313_0314_MERGE.star.ucsc.htseqcount.gene.annotated.tsv
ICON-030,988080,69,F,T2,N1,2,R0,Yes,NO,AFutreal-LungCancerITH-LungICONMS32-988080-T_170320_0454_0455_0404_MERGE.star.ucsc.htseqcount.gene.annotated.tsv
ICON-061,1005189,62,F,T2a,N0,1,R0,No,NO,NA
ICON-054,1002943,66,F,T2b,N0,2,R0,Yes,NO,NA
ICON-013,975188,54,M,ypT3,ypN2,3,R0,No,NO,JZhang-LungCancerITH-LungICONMS35-975188-T_170102_0313_0314_MERGE.star.ucsc.htseqcount.gene.annotated.tsv
ICON-068,1009605,67,M,T2b,N0,2,R0,Yes,NO,AFutreal-LungCancerITH-LungICONMS32-1009605-T_170320_0454_0455_0404_MERGE.star.ucsc.htseqcount.gene.annotated.tsv
ICON-067,1008549,69,M,T3,N0,2,R0,Yes,NO,NA
ICON-075,1021036,45,M,T1b,N0,1,R0,No,NO,JZhang-MS32-ICON-1021036-T_180102_0450_0451_MERGE.star.ucsc.htseqcount.gene.annotated.tsv
ICON-024,981337,71,F,T2,N0,1,R0,No,NO,JZhang-LungCancerITH-LungICONMS53-981337-T_170102_0313_0314_MERGE.star.ucsc.htseqcount.gene.annotated.tsv
ICON-019,976925,73,M,T2,N0,1,R0,Yes,NO,NA
ICON-049,999025,65,M,T3,N0,2,R0,No,NO,NA
ICON-084,1026052,72,F,T2b,N0,1,R0,No,NO,JZhang-MS32-ICON-1026052-T_180102_0450_0451_MERGE.star.ucsc.htseqcount.gene.annotated.tsv
ICON-014,975321,66,M,T2b,N0,2,R0,Yes,NO,JZhang-LungCancerITH-LungICONMS37-975321-T_170102_0313_0314_MERGE.star.ucsc.htseqcount.gene.annotated.tsv
ICON-023,980071,70,F,T1b,N0,1,R0,No,NO,JZhang-LungCancerITH-LungICONMS51-980071-T_170102_0313_0314_MERGE.star.ucsc.htseqcount.gene.annotated.tsv
ICON-022,979879,65,F,T2,N0,1,R0,No,NO,NA
ICON-080,1023907,67,F,T1,N0,1,R0,No,NO,NA
ICON-077,1022348,38,F,T2,N1,2,R0,Yes,NO,JZhang-MS32-ICON-1022348-T_180102_0450_0451_MERGE.star.ucsc.htseqcount.gene.annotated.tsv
ICON-083,1024487,61,M,T2,N2,3,R0,Yes,NO,JZhang-MS32-ICON-1024487-T_180102_0450_0451_MERGE.star.ucsc.htseqcount.gene.annotated.tsv
ICON-042,996456,71,F,T1b,N0,1,R0,No,NO,AFutreal-LungCancerITH-LungICONMS32-996456-T_170320_0454_0455_0404_MERGE.star.ucsc.htseqcount.gene.annotated.tsv
ICON-071,1010675,53,F,T1,N0,1,R0,Yes,NO,NA
ICON-006,972244,64,F,T1b,N0,1,R0,No,NO,JZhang-LungCancerITH-LungICONMS32-972244-T2-T_170102_0313_0314_MERGE.star.ucsc.htseqcount.gene.annotated.tsv
ICON-092,1040374,70,F,T1,N0,1,R0,No,NO,NA
ICON-041,996114,77,F,T2,N0,1,R0,Yes,NO,AFutreal-LungCancerITH-LungICONMS32-996114-T_170320_0454_0455_0404_MERGE.star.ucsc.htseqcount.gene.annotated.tsv
ICON-020,977982,61,M,T2,N0,1,R0,No,NO,JZhang-LungCancerITH-LungICONMS47-977982-T_170102_0313_0314_MERGE.star.ucsc.htseqcount.gene.annotated.tsv
ICON-066,1008366,45,F,T3,N0,2,R0,Yes,NO,NA
ICON-082,1023917,62,M,T3,N0,2,R1,Yes,NO,NA
ICON-087,1026815,68,F,T2a,N1,2,R0,No,NO,NA
ICON-062,1005592,61,M,T2a,N0,1,R0,No,NO,NA
ICON-034,990799,80,M,T3,N0,2,R0,Yes,NO,NA
ICON-044,996741,60,F,T2,N0,1,R0,Yes,NO,NA
ICON-051,1000661,69,F,T2,N0,1,R0,No,NO,NA
ICON-015,975430,73,F,T2a,N0,1,R0,No,NO,JZhang-LungCancerITH-LungICONMS39-975430-T_170102_0313_0314_MERGE.star.ucsc.htseqcount.gene.annotated.tsv
ICON-073,1015287,69,M,T1b,N1,2,R0,NA,NO,JZhang-MS32-ICON-1015287-T_180102_0450_0451_MERGE.star.ucsc.htseqcount.gene.annotated.tsv
ICON-089,1030771,65,F,T2b,N1,2,R0,Yes,NO,NA
ICON-037,992558,44,F,T1b,N0,1,R0,No,NO,AFutreal-LungCancerITH-LungICONMS32-992558-T_170320_0454_0455_0404_MERGE.star.ucsc.htseqcount.gene.annotated.tsv
ICON-088,1030802,73,F,T2a,N0,1,R0,No,NO,NA
ICON-065,1007934,73,M,T1b,N0,1,R0,No,NO,AFutreal-LungCancerITH-LungICONMS32-1007934-T_170320_0454_0455_0404_MERGE.star.ucsc.htseqcount.gene.annotated.tsv
ICON-079,1022890,72,F,T2,N0,1,R0,No,NO,JZhang-MS32-ICON-1022890-T_180102_0450_0451_MERGE.star.ucsc.htseqcount.gene.annotated.tsv
ICON-076,1021406,64,M,T1,N0,1,R0,No,NO,JZhang-MS32-ICON-1021406-T_180102_0450_0451_MERGE.star.ucsc.htseqcount.gene.annotated.tsv
ICON-047,998717,73,M,T2,N0,1,R0,No,NO,AFutreal-LungCancerITH-LungICONMS32-998717-T_170320_0454_0455_0404_MERGE.star.ucsc.htseqcount.gene.annotated.tsv
ICON-107,1055391,68,F,T2,N2,3,R0,Yes,NO,JZhang-MS32-ICON-1055391-T_180419_0018_0394_0395_MERGE.star.ucsc.htseqcount.gene.annotated.tsv
ICON-074,1019210,58,M,T3,N0,2,R0,Yes,NO,JZhang-MS32-ICON-1019210-T_180102_0450_0451_MERGE.star.ucsc.htseqcount.gene.annotated.tsv
ICON-096,1046717,61,M,T2,N0,1,R0,Yes,NO,NA
ICON-072,1014907,80,F,T2,N0,1,R0,No,NO,NA
ICON-055,1003267,63,M,T3,N1,3,R0,Yes,NO,NA
ICON-086,1026270,71,F,ypT2a,ypN0,1,R0,No,NO,NA
ICON-114,1065014,64,F,T2,N2,3,R0,Yes,NO,NA
ICON-056,1004104,77,F,T2a,N0,1,R0,No,NO,NA
ICON-118,1068714,74,F,ypT2,ypN0,1,R0,No,NO,JZhang-MS32-ICON-1068714-T_180419_0018_0394_0395_MERGE.star.ucsc.htseqcount.gene.annotated.tsv
ICON-112,1064162,56,M,ypT2b,ypN1,2,R0,No,NO,NA
ICON-121,1071602,69,M,ypT0,ypN0,0,R0,No,NO,NA
ICON-106,1054168,67,F,T2,N2,3,R0,Yes,NO,JZhang-MS32-ICON-1054168-T_180419_0018_0394_0395_MERGE.star.ucsc.htseqcount.gene.annotated.tsv
ICON-111,1063141,74,M,T2,N0,1,R0,Yes,NO,JZhang-MS32-ICON-1063141-T_HF2YYDRXX-1-AGGTTCCT.star.ucsc.htseqcount.gene.annotated.tsv
ICON-115,1065323,59,M,ypT2,ypN1,2,R0,Yes,NO,NA
ICON-128,1081604,54,F,T1b,N1,2,R0,Yes,NO,JZhang-MS32-ICON-1081604-T_180419_0018_0394_0395_MERGE.star.ucsc.htseqcount.gene.annotated.tsv
ICON-108,1057541,56,F,ypT2,ypN1,2,R0,No,NO,JZhang-MS32-ICON-1057541-T_180419_0018_0394_0395_MERGE.star.ucsc.htseqcount.gene.annotated.tsv
ICON-113,1064423,66,M,T2b,N1,2,R0,Yes,NO,JZhang-MS32-ICON-1064423-T_180419_0018_0394_0395_MERGE.star.ucsc.htseqcount.gene.annotated.tsv
ICON-100,1050515,60,F,ypT2b,ypN0,1,R0,No,NO,NA
ICON-101,1051131,74,F,T2,N0,1,R0,No,NO,JZhang-MS32-ICON-1051131-T_180419_0018_0394_0395_MERGE.star.ucsc.htseqcount.gene.annotated.tsv
ICON-127,1080436,68,F,T2,N0,2,R0,No,NO,JZhang-MS32-ICON-1080436-T_180419_0018_0394_0395_MERGE.star.ucsc.htseqcount.gene.annotated.tsv
ICON-131,1095979,77,F,T2,N0,1,R0,No,NO,JZhang-MS32-ICON-1095979-T_180419_0018_0394_0395_MERGE.star.ucsc.htseqcount.gene.annotated.tsv
ICON-129,1087792,48,M,T2,N1,2,R0,Yes,NO,JZhang-MS32-ICON-1087792-T_180419_0018_0394_0395_MERGE.star.ucsc.htseqcount.gene.annotated.tsv
ICON-012,975117,49,F,T2,N0,1,R0,No,NO,NA
ICON-094,1041289,75,M,T2b,N0,1,R0,Yes,NO,JZhang-MS32-ICON-1041289-T_180102_0450_0451_MERGE.star.ucsc.htseqcount.gene.annotated.tsv
ICON-120,1071084,55,F,T2,N0,1,R0,No,NO,JZhang-MS32-ICON-1071084-T_180419_0018_0394_0395_MERGE.star.ucsc.htseqcount.gene.annotated.tsv
ICON-139,1115435,52,F,T2a,N0,1,R0,No,NO,JZhang-MS36-ICON-1115435-T_180419_0018_0394_0395_MERGE.star.ucsc.htseqcount.gene.annotated.tsv
ICON-136,1102933,60,M,T2,N0,1,R0,Yes,NO,JZhang-MS34-ICON-1102933-T_180419_0018_0394_0395_MERGE.star.ucsc.htseqcount.gene.annotated.tsv
ICON-142,1123779,81,M,ypT2a,ypN1,2,R1,No,NO,Zhang-MS32-ICON-1123779-T-N_190419_0059_0060_MERGE.star.ucsc.htseqcount.gene.annotated.tsv
ICON-098,1049087,75,F,ypT2,ypN2,3,R0,Yes,YES,JZhang-MS32-ICON-1049087-T_180419_0018_0394_0395_MERGE.star.ucsc.htseqcount.gene.annotated.tsv
ICON-144,1125359,74,M,T2a,N0,1,R0,No,NO,Zhang-MS32-ICON-1125359-T-N_190419_0059_0060_MERGE.star.ucsc.htseqcount.gene.annotated.tsv
ICON-097,1048298,73,F,ypT0,ypN0,0,R0,No,NO,NA
ICON-150,1135990,72,M,T1b,N0,1,R0,No,NO,NA
ICON-140,1115541,75,F,T1b,N0,1,R0,No,NO,JZhang-MS37-ICON-1115541-T_180419_0018_0394_0395_MERGE.star.ucsc.htseqcount.gene.annotated.tsv
ICON-123,1072150,74,M,T3,N0,2,R0,Yes,NO,JZhang-MS32-ICON-1072150-T_180419_0018_0394_0395_MERGE.star.ucsc.htseqcount.gene.annotated.tsv
ICON-130,1090425,59,M,ypT4,ypN1,3,R0,No,NO,NA
ICON-153,1150284,71,M,T2,N1,2,R0,No,NO,Zhang-MS32-ICON-1150284-T_190419_0059_0060_MERGE.star.ucsc.htseqcount.gene.annotated.tsv
ICON-134,1100316,55,F,T2,N0,1,R0,No,NO,JZhang-MS32-ICON-1100316-T_180419_0018_0394_0395_MERGE.star.ucsc.htseqcount.gene.annotated.tsv
ICON-148,1135706,68,F,ypT4,ypN2,3,R1,No,NO,Zhang-MS32-ICON-1135706-T-N_190419_0059_0060_MERGE.star.ucsc.htseqcount.gene.annotated.tsv
ICON-147,1135485,79,F,T3,N0,2,R0,No,NO,Zhang-MS32-ICON-1135485-T_190419_0059_0060_MERGE.star.ucsc.htseqcount.gene.annotated.tsv
ICON-156,1158114,69,F,T2a,N0,1,R1,No,NO,Zhang-MS32-ICON-1158114-T-N_190419_0059_0060_MERGE.star.ucsc.htseqcount.gene.annotated.tsv
ICON-154,1156261,70,F,ypT3,ypN2,3,R0,No,NO,Zhang-MS32-ICON-1156261-T-N_190419_0059_0060_MERGE.star.ucsc.htseqcount.gene.annotated.tsv
ICON-132,1096760,69,M,T2,N0,1,R0,No,NO,NA
ICON-160,1163498,52,F,ypT3,ypN2,3,R1,Yes,YES,Zhang-MS32-ICON-1163498-T_190419_0059_0060_MERGE.star.ucsc.htseqcount.gene.annotated.tsv
ICON-145,1128065,74,F,T3,N0,2,R0,Yes,NO,Zhang-MS32-ICON-1128065-T_190419_0059_0060_MERGE.star.ucsc.htseqcount.gene.annotated.tsv
ICON-157,1161432,72,F,T2a,N0,1,R0,No,NO,NA
ICON-171,1171426,60,M,ypT3,N0,2,R0,No,NO,Zhang-MS32-ICON-1171426-T_190419_0059_0060_MERGE.star.ucsc.htseqcount.gene.annotated.tsv
ICON-138,1107391,69,F,T2,N0,1,R0,No,NO,JZhang-MS35-ICON-1107391-T_180419_0018_0394_0395_MERGE.star.ucsc.htseqcount.gene.annotated.tsv
ICON-170,1171071,55,M,T3,N1,3,R0,Yes,NO,Zhang-MS32-ICON-1171071-T-N_190419_0059_0060_MERGE.star.ucsc.htseqcount.gene.annotated.tsv
ICON-166,1167727,47,M,T1c,N0,1,R0,No,NO,Zhang-MS32-ICON-1167727-T_190419_0059_0060_MERGE.star.ucsc.htseqcount.gene.annotated.tsv
ICON-165,1167414,76,F,T2a,N1,2,R0,Yes,NO,Zhang-MS32-ICON-1167414-T_190419_0059_0060_MERGE.star.ucsc.htseqcount.gene.annotated.tsv
ICON-176,1181409,62,F,T2,N2,3,R0,Yes,NO,Zhang-MS32-ICON-1181409-T-N_190419_0059_0060_MERGE.star.ucsc.htseqcount.gene.annotated.tsv
ICON-169,1170529,70,F,T2a,N0,1,R0,No,NO,NA
ICON-172,1174942,75,F,T2a,N0,1,R0,No,NO,Zhang-MS32-ICON-1174942-T-N_190419_0059_0060_MERGE.star.ucsc.htseqcount.gene.annotated.tsv
ICON-161,1165255,75,M,T2a,N0,1,R0,No,NO,Zhang-MS32-ICON-1165255-T-N_190419_0059_0060_MERGE.star.ucsc.htseqcount.gene.annotated.tsv
ICON-173,1177391,85,F,T2a,N0,1,R0,No,NO,Zhang-MS32-ICON-1177391-T_190419_0059_0060_MERGE.star.ucsc.htseqcount.gene.annotated.tsv
ICON-180,1193840,74,M,T2,N2,3,R0,Yes,NO,Zhang-MS32-ICON-1193840-T-N_190419_0059_0060_MERGE.star.ucsc.htseqcount.gene.annotated.tsv
ICON-178,1184116,77,M,T2b,N1,2,R0,Yes,NO,Zhang-MS32-ICON-1184116-T-N_190419_0059_0060_MERGE.star.ucsc.htseqcount.gene.annotated.tsv
ICON-146,1134850,60,M,ypT2,ypN1,2,R0,No,NO,NA
ICON-133,1097837,68,M,T3,N0,2,R0,Yes,NO,JZhang-MS32-ICON-1097837-T_180419_0018_0394_0395_MERGE.star.ucsc.htseqcount.gene.annotated.tsv
ICON-011,974924,54,F,T3,N2,3,R0,No,NO,NA
ICON-164,1167481,56,F,T2a,N1,2,R0,Yes,NO,NA
ICON-159,1163154,57,M,T2a,N0,1,R0,No,NO,Zhang-MS32-ICON-1163154-T-N_190419_0059_0060_MERGE.star.ucsc.htseqcount.gene.annotated.tsv
ICON-179,1184417,66,F,T3,N1,3,R0,No,NO,NA
ICON-177,1182438,59,F,T3,N0,2,R0,No,NO,Zhang-MS32-ICON-1182438-T_190419_0059_0060_MERGE.star.ucsc.htseqcount.gene.annotated.tsv
ICON-103,1051418,74,M,T2,N1,2,R1,NA,NO,JZhang-MS32-ICON-1051418-T_180419_0018_0394_0395_MERGE.star.ucsc.htseqcount.gene.annotated.tsv
ICON-175,1179786,72,M,T2,N0,2,R0,No,NO,Zhang-MS32-ICON-1179786-T_190419_0059_0060_MERGE.star.ucsc.htseqcount.gene.annotated.tsv
ICON-105,1053324,70,F,T3,N1,3,R1,Yes,NO,JZhang-MS32-ICON-1053324-T_180419_0018_0394_0395_MERGE.star.ucsc.htseqcount.gene.annotated.tsv
ICON-004,971183,59,M,T3,N2,3,R0,NA,NO,JZhang-LungCancerITH-LungICONMS32-971183-T_170102_0313_0314_MERGE.star.ucsc.htseqcount.gene.annotated.tsv
ICON-152,1146453,68,M,T3,N1,3,R0,No,NO,Zhang-MS32-ICON-1146453-T-N_190419_0059_0060_MERGE.star.ucsc.htseqcount.gene.annotated.tsv
ICON-025,983611,72,F,T2,N1,2,R0,No,NO,JZhang-MS32-ICON-983611-T_180419_0018_0394_0395_MERGE.star.ucsc.htseqcount.gene.annotated.tsv
ICON-135,1101898,53,F,ypT3,ypN2,3,R0,No,NO,JZhang-MS33-ICON-1101898-T_180419_0018_0394_0395_MERGE.star.ucsc.htseqcount.gene.annotated.tsv
ICON-081,1023980,83,M,T2,N0,1,R0,No,NO,JZhang-MS32-ICON-1023980-T_180102_0450_0451_MERGE.star.ucsc.htseqcount.gene.annotated.tsv
ICON-162,1165550,61,M,M1,M1,4,R1,No,NO,AReuben-NSCLCTCRs-Ex20TCR-1165550-T_190405_0414_0415_0487_0488_0417_0418_MERGE.star.ucsc.htseqcount.gene.annotated.tsv
